{"cameraMode":{"drawMode":0,"name":"Shaded","section":"Shading Mode"},"sceneLighting":true,"audioPlay":false,"sceneViewState":{"showFog":false,"showMaterialUpdate":false,"showSkybox":false,"showFlares":false,"showImageEffects":false,"showParticleSystems":false},"in2DMode":false,"pivot":{"x":-1.8518991470336915,"y":2.7447681427001955,"z":1.9373540878295899},"rotation":{"x":-0.1278197318315506,"y":0.7340303063392639,"z":-0.1440706104040146,"w":-0.6512339115142822},"size":15.661048889160157,"orthographic":false}